<?xml version="1.0" encoding="UTF-8"?>
<zk>
    <zscript src="zkbind.zks"/>
    <library-property>
        <name>org.zkoss.zul.Template.default.encoding</name>
        <value>UTF-8</value>
    </library-property>
    <view-resolver>
        <catalog-prefix>/WEB-INF/classes/</catalog-prefix>
        <suffix>.zul</suffix>
    </view-resolver>
    <i18n-decoder>
        <class>org.zkoss.text.UTF8Codec</class>
    </i18n-decoder>
    <zk-config>
        <disable-event-thread>false</disable-event-thread>
    </zk-config>
    <class-config>
        <extension-prefix-uri>
            <prefix>myext</prefix>
            <uri>http://www.zkoss.org/2005/zk/bind/xel</uri>
        </extension-prefix-uri>
        <extension-uri-prefix>
            <uri>http://www.zkoss.org/2005/zk/bind/xel</uri>
            <prefix>xel</prefix>
        </extension-uri-prefix>
    </class-config>
    <custom-attributes>
        <attribute>
            <name>name</name>
            <value>personView</value>
        </attribute>
    </custom-attributes>
</zk>
